13306373979,巴荔,15804204380,方瑞,2017-05-16 01:43:57,1494870237000,0903
13207417660,阎筠,15806450639,仲淑,2017-04-07 02:40:59,1491504059000,1424
15502667250,仲月,15105451231,五希,2017-11-29 02:37:21,1511894241000,1011
15007432308,孙昭,15908077202,师丹,2017-02-28 02:55:17,1488221717000,0223
15006914031,龙佳,13507745933,养娟,2017-10-09 13:11:59,1507525919000,0674
15801552903,闻红,15604571775,符蓓,2017-11-25 02:48:43,1511549323000,0540
13207502503,益悦,13608794456,羊佳,2017-09-02 08:46:00,1504313160000,1462
13303548183,童丽,15007935870,谈嘉,2017-05-10 13:42:18,1494394938000,1282
15003792420,雕菁,15202453900,福凡,2017-01-28 22:55:39,1485615339000,0269
13606127225,门寒,13207261100,池秋,2017-04-10 21:32:53,1491831173000,0015
13203116850,文瑾,15806450639,仲淑,2017-08-12 04:43:58,1502484238000,0628
13608794456,羊佳,13708252219,那菲,2017-07-26 03:34:30,1501011270000,0211
15207984327,石娥,13600795529,师蕊,2017-02-21 09:55:11,1487642111000,1250
13501410307,扈霞,13805275338,西月,2017-03-18 23:25:29,1489850729000,0355
13207261100,池秋,13103422672,晁婉,2017-07-17 08:21:47,1500250907000,0687
15703224013,凤伊,13607782653,包雪,2017-03-20 16:06:59,1489997219000,1430
13805486674,邬韵,13407746805,瞿贞,2017-05-03 10:58:38,1493780318000,0170
13303422333,郭芬,13103342688,方勤,2017-02-06 07:31:44,1486337504000,0253
15008381619,沃娅,15200950553,缪欣,2017-12-19 19:32:57,1513683177000,1124
15006087271,姬芳,13105992273,索芝,2017-04-19 17:53:41,1492595621000,1556
13600795529,师蕊,13103342688,方勤,2017-02-03 22:37:19,1486132639000,1494
13205574232,李贞,15200950553,缪欣,2017-06-04 08:46:05,1496537165000,0698
15006087271,姬芳,13203116850,文瑾,2017-05-05 13:38:24,1493962704000,1430
15806377320,周娴,15806450639,仲淑,2017-10-08 06:14:21,1507414461000,0372
15903294405,习宜,13803836684,姚爱,2017-03-07 08:11:49,1488845509000,0573
13303718217,于蕊,13000248021,萧怡,2017-12-10 19:02:45,1512903765000,0812
15806377320,周娴,13703526008,张华,2017-11-11 13:08:55,1510376935000,0661
13103422672,晁婉,15100780502,边静,2017-12-12 06:43:53,1513032233000,0486
15008130898,阎露,13805275338,西月,2017-08-13 19:25:04,1502623504000,0176
13508163621,长媛,15705635649,龙寒,2017-12-01 05:00:58,1512075658000,0591
15706126816,钱月,13704208008,燕琼,2017-09-02 06:03:52,1504303432000,1421
15500311767,印滢,15801552903,闻红,2017-10-04 16:56:46,1507107406000,1504
13708252219,那菲,15603818645,齐枫,2017-05-19 01:08:52,1495127332000,0010
13405308874,詹聪,15508827219,党华,2017-11-09 13:46:37,1510206397000,1039
13606054752,左娜,15504156421,应婷,2017-05-13 00:26:38,1494606398000,1019
13401356659,束珊,15601447776,第彩,2017-04-14 12:32:47,1492144367000,0593
15006914031,龙佳,15105451231,五希,2017-03-18 01:24:41,1489771481000,1195
15908077202,师丹,15007935870,谈嘉,2017-09-14 20:17:11,1505391431000,0996
15903294405,习宜,13407746805,瞿贞,2017-05-11 16:04:12,1494489852000,1710
15600576914,郏颖,15502667250,仲月,2017-06-28 03:08:23,1498590503000,1289
15504156421,应婷,13803905897,欧莎,2017-02-28 07:39:01,1488238741000,0041
15100780502,边静,15801552903,闻红,2017-12-24 00:27:48,1514046468000,1324
13805275338,西月,13103342688,方勤,2017-10-18 18:50:21,1508323821000,0479
15902174168,洪姬,15008381619,沃娅,2017-03-16 00:21:07,1489594867000,1268
15801552903,闻红,13005175054,习慧,2017-10-06 18:58:13,1507287493000,0669
15806000280,柳瑶,13805275338,西月,2017-06-05 23:52:12,1496677932000,0819
15604807397,於丽,13205574232,李贞,2017-05-04 06:09:03,1493849343000,0291
13701055442,乌燕,15800684236,门玉,2017-05-21 23:23:26,1495380206000,1193
13501410307,扈霞,13604114846,法爱,2017-01-15 10:37:12,1484447832000,1239
13701055442,乌燕,13000248021,萧怡,2017-11-30 13:32:57,1512019977000,0963
15204711067,沙红,15607764015,邴岚,2017-06-12 03:56:31,1497210991000,1360
13805275338,西月,15604807397,於丽,2017-06-14 05:54:39,1497390879000,0052
15702196842,寿云,15003792420,雕菁,2017-12-01 15:10:47,1512112247000,1195
15508827219,党华,13007730716,茹翠,2017-10-23 10:01:16,1508724076000,0854
15202453900,福凡,15806000280,柳瑶,2017-06-20 06:07:33,1497910053000,1108
13401356659,束珊,13007730716,茹翠,2017-12-20 02:19:00,1513707540000,0604
15003792420,雕菁,13203596369,东贞,2017-01-10 18:56:29,1484045789000,1792
15500311767,印滢,15604571775,符蓓,2017-12-17 05:37:10,1513460230000,0325
13203116850,文瑾,13501410307,扈霞,2017-02-14 11:03:39,1487041419000,0430
13606054752,左娜,13405308874,詹聪,2017-05-24 21:40:02,1495633202000,0733
13507745933,养娟,15801552903,闻红,2017-03-26 07:41:25,1490485285000,0545
15103702808,蔚芬,15202453900,福凡,2017-05-12 20:17:10,1494591430000,1620
13203116850,文瑾,13203596369,东贞,2017-10-10 23:17:44,1507648664000,1664
15508827219,党华,13604114846,法爱,2017-07-12 07:10:57,1499814657000,0837
13704208008,燕琼,15004775096,印菊,2017-09-14 13:35:57,1505367357000,1543
13303718217,于蕊,15706126816,钱月,2017-01-20 22:36:31,1484922991000,0752
15105451231,五希,15801552903,闻红,2017-04-04 08:11:58,1491264718000,0747
15207984327,石娥,15101671012,羿竹,2017-04-19 16:52:40,1492591960000,0751
13803836684,姚爱,15604571775,符蓓,2017-11-09 22:11:14,1510236674000,0935
13005175054,习慧,13106117492,和雁,2017-05-18 00:20:00,1495038000000,1765
13203596369,东贞,15701322498,全萍,2017-10-26 00:12:24,1508947944000,1409
15607764015,邴岚,13207417660,阎筠,2017-03-03 10:10:41,1488507041000,1517
15900650183,毕娥,13401384023,步嘉,2017-12-05 23:17:04,1512487024000,0826
13205574232,李贞,13007730716,茹翠,2017-08-20 00:44:44,1503161084000,0681
13401384023,步嘉,15604571775,符蓓,2017-03-31 08:16:16,1490919376000,0495
13701055442,乌燕,15500311767,印滢,2017-10-24 14:24:24,1508826264000,0048
13303548183,童丽,13306373979,巴荔,2017-07-17 12:41:24,1500266484000,1373
13600795529,师蕊,13507745933,养娟,2017-06-27 21:15:25,1498569325000,0974
15604571775,符蓓,13406164742,左芝,2017-01-22 02:44:34,1485024274000,0955
13405050414,靳瑶,13105992273,索芝,2017-01-05 09:51:02,1483581062000,0217
15202453900,福凡,15200950553,缪欣,2017-03-09 03:41:51,1489002111000,0556
13401356659,束珊,13303548183,童丽,2017-10-12 18:12:23,1507803143000,1105
13405050414,靳瑶,13303548183,童丽,2017-03-08 18:14:51,1488968091000,1756
13003892885,佴欣,13205574232,李贞,2017-09-04 08:39:42,1504485582000,0505
13207417660,阎筠,15902174168,洪姬,2017-02-09 09:54:40,1486605280000,1241
13000248021,萧怡,13607008301,空叶,2017-05-06 09:19:10,1494033550000,1473
13607008301,空叶,13508163621,长媛,2017-07-07 11:15:52,1499397352000,0479
15800684236,门玉,15100780502,边静,2017-09-06 23:09:23,1504710563000,1766
13203116850,文瑾,13704180700,魏勤,2017-10-17 16:45:46,1508229946000,0974
15202453900,福凡,13805275338,西月,2017-05-11 16:26:32,1494491192000,1686
15705635649,龙寒,13405308874,詹聪,2017-04-05 08:58:01,1491353881000,0940
15500311767,印滢,15900702228,红冰,2017-10-27 19:07:45,1509102465000,1662
15806000280,柳瑶,15202453900,福凡,2017-10-22 00:53:02,1508604782000,0937
13508163621,长媛,13406164742,左芝,2017-02-28 06:06:22,1488233182000,0358
15103702808,蔚芬,13701055442,乌燕,2017-01-20 13:30:40,1484890240000,1530
15008130898,阎露,13802732947,冷颖,2017-06-02 17:36:09,1496396169000,0368
15806450639,仲淑,13007730716,茹翠,2017-07-18 11:58:39,1500350319000,1684
13405050414,靳瑶,15105503265,莘冰,2017-01-03 04:08:57,1483387737000,1385
13405050414,靳瑶,15701322498,全萍,2017-05-25 19:18:48,1495711128000,1562
13407746805,瞿贞,13304660779,蔚宁,2017-05-26 03:59:21,1495742361000,1128
15508827219,党华,15701322498,全萍,2017-02-18 09:05:00,1487379900000,0481
15603818645,齐枫,13604114846,法爱,2017-03-16 19:03:22,1489662202000,0250
15706126816,钱月,13606054752,左娜,2017-01-30 23:59:26,1485791966000,0689
13200768343,荀雅,15500311767,印滢,2017-06-01 02:56:51,1496257011000,0895
15703224013,凤伊,15007935870,谈嘉,2017-06-11 06:06:33,1497132393000,1056
15906860259,狄娥,13207502503,益悦,2017-03-07 10:51:17,1488855077000,1116
15703224013,凤伊,15006914031,龙佳,2017-12-17 10:29:27,1513477767000,0502
13507745933,养娟,13708252219,那菲,2017-05-21 12:16:04,1495340164000,0496
15003792420,雕菁,15601447776,第彩,2017-01-12 10:15:32,1484187332000,1298
15902174168,洪姬,15900702228,红冰,2017-07-01 16:20:31,1498897231000,0711
13000248021,萧怡,13604114846,法爱,2017-07-12 20:34:04,1499862844000,1117
13606127225,门寒,13000248021,萧怡,2017-03-23 03:55:35,1490212535000,1096
13105992273,索芝,13803905897,欧莎,2017-08-16 23:27:58,1502897278000,0515
13103342688,方勤,15908077202,师丹,2017-08-20 23:04:57,1503241497000,1259
15508827219,党华,13203596369,东贞,2017-07-30 04:06:40,1501358800000,0452
13003892885,佴欣,15101307312,邬茗,2017-10-24 23:00:17,1508857217000,1072
13604114846,法爱,15604571775,符蓓,2017-07-29 21:11:40,1501333900000,1410
13207261100,池秋,13207111445,祁蓉,2017-04-01 02:03:52,1490983432000,1313
13303548183,童丽,13704180700,魏勤,2017-05-04 10:58:35,1493866715000,0480
13607008301,空叶,13904864285,夹育,2017-05-03 01:28:27,1493746107000,0216
13303718217,于蕊,13207111445,祁蓉,2017-09-02 04:57:11,1504299431000,1519
15202453900,福凡,15007432308,孙昭,2017-01-10 22:04:04,1484057044000,1368
15004775096,印菊,15101671012,羿竹,2017-05-28 11:48:25,1495943305000,1603
13103422672,晁婉,15806000280,柳瑶,2017-10-16 05:53:50,1508104430000,0660
13004818811,第霞,15708608357,文琦,2017-07-12 08:37:00,1499819820000,1672
13805275338,西月,15708608357,文琦,2017-10-28 17:43:56,1509183836000,1405
15900650183,毕娥,15207984327,石娥,2017-11-29 15:58:17,1511942297000,1321
13306373979,巴荔,15902174168,洪姬,2017-04-10 07:54:38,1491782078000,0191
15207984327,石娥,13401384023,步嘉,2017-10-22 20:08:13,1508674093000,0890
15908077202,师丹,15607764015,邴岚,2017-07-07 07:59:41,1499385581000,1502
15200950553,缪欣,15202453900,福凡,2017-06-01 14:06:07,1496297167000,0389
15105503265,莘冰,15101307312,邬茗,2017-10-21 23:53:45,1508601225000,0263
15008130898,阎露,15101307312,邬茗,2017-05-27 15:28:13,1495870093000,1106
13106117492,和雁,13607782653,包雪,2017-04-21 17:59:40,1492768780000,1768
15202453900,福凡,13205574232,李贞,2017-03-05 01:50:18,1488649818000,0671
13207261100,池秋,13207502503,益悦,2017-10-18 15:33:45,1508312025000,1556
13106117492,和雁,13205574232,李贞,2017-10-21 18:32:14,1508581934000,0273
13105992273,索芝,15703224013,凤伊,2017-07-19 21:43:04,1500471784000,1324
13805275338,西月,15900650183,毕娥,2017-06-29 12:14:35,1498709675000,0755
15806377320,周娴,13600795529,师蕊,2017-01-21 12:12:57,1484971977000,0126
13203116850,文瑾,13303718217,于蕊,2017-11-27 19:46:45,1511783205000,0555
15204711067,沙红,15604571775,符蓓,2017-11-08 06:35:48,1510094148000,1720
15900702228,红冰,13805275338,西月,2017-03-22 16:58:58,1490173138000,1605
13303718217,于蕊,13106117492,和雁,2017-01-28 20:16:59,1485605819000,0342
13302113911,宗婵,15604571775,符蓓,2017-06-30 18:21:39,1498818099000,1113
13306373979,巴荔,13405050414,靳瑶,2017-04-04 12:56:28,1491281788000,0078
15706126816,钱月,13608794456,羊佳,2017-06-03 14:43:21,1496472201000,1728
13401384023,步嘉,13803905897,欧莎,2017-09-27 02:14:08,1506449648000,1190
13608794456,羊佳,15004775096,印菊,2017-11-22 07:18:45,1511306325000,1009
15601447776,第彩,15708608357,文琦,2017-07-06 08:31:34,1499301094000,1465
15004775096,印菊,15502667250,仲月,2017-09-30 01:18:49,1506705529000,1674
15004775096,印菊,15908077202,师丹,2017-12-02 15:20:37,1512199237000,1745
13205574232,李贞,15006087271,姬芳,2017-03-30 04:54:10,1490820850000,1137
